{
    "1650841980": 
    {
    "id": 1672591, 
    "from": 1650841980, 
        "at": 1650842040000000000, 
        "to": 1650842040, 
        "open": 1.08077, 
        "close": 1.080885, 
        "min": 1.08076, 
        "max": 1.080925, 
        "volume": 289
    }
    ,
    "1650842040": 
    {
        "id": 1672592, 
        "from": 1650842040, 
        "at": 1650842100000000000, 
        "to": 1650842100, 
        "open": 1.08088, 
        "close": 1.080945, 
        "min": 1.08084, 
        "max": 1.081, 
        "volume": 275
    }
}